Q96AP0,SGRLVLRPWIRELILGSETPSSPRAGQLLEVLQDAEAAVAGPSHAPDTSDVGATLLVSDGTHSVRCLVTREALDTSDWEEKEFGFRGTEGRLLLLQDCGVHVQVAEGGAPAEFYLQVDRFSLLPTEQPRLRVPGCNQDLDVQKKLYDCLEEH,3,155,context_dependent
P07550,FLLAPNGSHAPDHDVTQER,9,28,context_dependent
P10109,QICLTKSMDNMTVRVPETVADARQSIDVGKTS,152,184,context_dependent
P58335,RRAFDLYFVLDKSGSVANNWIEIYNFVQQLAERFVSPEMRLSFIVFSSQATIILPLTGDRGKISKGLEDLKRVSPVGETYIHEGLKLANEQIQKAGGLKTSSIIIALTDGKLDGLVPSYAEKEAKISRSLGASVYCVGVLDFEQAQLERIADSKEQVFPVKGGFQALKGIINSILAQS,39,217,context_dependent
P35414,ECEYTDWKSSGAL,17,30,context_dependent
P54252,QQQKQQQQQQQQQQGDLSGQSS,291,313,context_dependent
Q07817,NNAAAESRKGQERF,196,210,context_dependent
P61769,EAIQRTPKIQVYSRHPAENGKSNFLNCYVSGFHPSDIEVDLLKNGERIEKVEHSDLSFSKDWSFYLLYYTEFTPTEKDEYACRVNHVTLSQPKIVKWDRDM,18,119,context_dependent
Q9NPY3,TEAVVCVGTACYTAHSGKLSAAEAQNHCNQNGGNLATVKSKEEAQHVQRVLAQLLRREAALTARMSKFWIGLQREKGKCLDPSLPLKGFSWVGGGEDTPYSNWHKELRNSCISKRCVSLLLDLSQPLLPSRLPKWSEGPCGSPGSPGSNIEGFVCKFSFKGMCRPLALGGPGQVTYTTPFQTTSSSLEAVPFASAANVACGE,25,227,context_dependent
Q9NPY3,ETQSHYFLCKEKAPDVFDWGSSGPLCVSPKYGCNFNNGGCHQDCFEGGDGSFLCGCRPGFRLLDDLVTCASRN,231,304,context_dependent
P0DP23,LTEEQIAEFKEAFSLFDKDGDGTITTKELGTVMRSLGQNPTEAELQDMINEVDADGNGTIDFPEFLTMMARKMKDTDSEEEIREAFRVFDKDGNGYISAAELRHVMTNLGEKLTDEEVDEMIREADIDGDGQVNYEEFVQMMTAK,4,149,context_dependent
Q16602,VNTHEKVKTALNLFYL,128,144,context_dependent
P41597,DYDYGAPCHKFD,24,36,context_dependent
P51681,DYQVSSPIYDINYYTSEPCQ,1,21,context_dependent
P08603,KSCDNPYIPNGDYSPLRIKHRTGDEITYQCRNGFYPATRGNTAKCTSTGWIPAPRCTLKPCDYPDIKHGGLYHENMRRPYFPVAVGKYYSYYCDEHFETPSGSYWDHIHCTQDGWSPAVPCLRKCYFPYLENGYNQNYGRKFVQGKSIDVACHPGYALPKAQTTVTCMENGWSPTPRCIRVKTCSKSSIDIENGFISESQYTYALKEKAKYQCKLGYVTADGETSGSITCGKDGWSAQPTCIKSCDIPVFMNARTKNDFTWFKLNDTLDYECHDGYESNTGSTTGSIVCGYNGWSDLPICYERECELPKIDVHLVPDRKKDQYKVGEVLKFSCKPGFTIVGPNSVQCYHFGLSPDLPICKEQVQSCGPPPELLNGNVKEKTKEEYGHSEVVEYYCNPRFLMKGPNKIQCVDGEWTTLPVCIVEESTCGDIPELEHGWAQLSSPPYYYGDSVEFNCSESFTMIGHRSITCIHGVWTQLPQCVAIDKLKKCKSSNLIILEEHLKNKKEFDHNSNIRYRCRGKEGWIHTVCINGRWDPEVNCSMAQIQLCPPPPQIPNSHNMTTTLNYRDGEKVSVLCQENYLIQEGEEITCKDGRWQSIPLCVEKIPCSQPPQIEHGTINSSRSSQESYAHGTKLSYTCEGGFRISEENETTCYMGKWSSPPQCEGLPCKSPPEISHGVVAHMSDSYQYGEEVTYKCFEGFGIDGPAIAKCLGEKWSHPPSCIKTDCLSLPSFENAIPMGEKKDVYKAGEQVTYTCATYYKMDGASNVTCINSRWTGRPTCRDTSCVNPPTVQNAYIVSRQMSKYPSGERVRYQCRSPYEMFGDEEVMCLNGNWTEPPQCKDSTG,264,1107,context_dependent
P34998,QEILNEEKKSKV,102,114,context_dependent
P61073,EGISIYTSDNYTEEMGSGDYDSMKEP,1,27,context_dependent
Q08345,LEDKAAEGAPGD,717,729,context_dependent
Q9UBC3,SEYQDGKEFGIGDLVWGKIKGFSWWPAMVVSWKATSKRQAMSGMRWVQWFGDGKFSEVSADKLVALGLFSQHFNLATFNKLVSYRKAMYHALEKARVRAGKTFPSSPGDSLEDQLKPMLEWAHGGFKPTGIEGLKPN,214,351,context_dependent
Q9UHN1,APGSGEGSEALLEICQRRHFLSGSKQQLSRDSLLSGCHPGFGPLGVELRKNLAAEWWTSVVVFREQVFPVDALHHKPGPLLPGDSAFRL,58,147,context_dependent
Q9UHN1,RENLLHGALEHYVNCLDLVNKRLPYGLAQIGVCFHPVFDTKQIRNGVKSIGEKTEASLVWFTPPRTSNQWLDFWLRHRLQWWRKFAMSPSNFSSSDCQDEEGRKGNKLYYNFPWGKELIETLWNLGDHELLHMYPGNVSKLHGRDGRKNVVPCVLSVNGDLDRGMLAYLYDSFQLTENSFTRKKNLHRKVLKLHPCLAPIKVALDVGRGPTLELRQVCQGLFNELLENGISVWPGYLETMQSSLEQLYSKYDEMSILFTVLVTETTLENGLIHLRSRDTTMKEMMHISKLKDFLIKYISSAKNV,181,485,context_dependent
Q0JRZ9,MHPNNSHHTM,361,371,context_dependent
Q0JRZ9,SDLLAWDPLFG,421,432,context_dependent
P62942,GVQVETISPGDGRTFPKRGQTCVVHYTGMLEDGKKFDSSRDRNKPFKFMLGKQEVIRGWEEGVAQMSVGQRAKLTISPDYAYGATGHPGIIPPHATLVFDVELLKLE,1,108,context_dependent
Q13467,PVCQEITVPMCRGIGYNLTHMPNQFNHDTQDEAGLEVHQFWPLVEIQCSPDLRFFLCSMYTPICLPDYHKPLPPCRSVCERAKAGCSPLMRQYGFAWPERMSCDRLPVLGRDAEVLCMDYN,30,151,context_dependent
P59768,MASNNTASIAQARKLVEQLKMEANIDRIKVSKAAADLMAYCEAHAKEDPLLTPVPASENPFREKKFFCA,0,69,context_dependent
P63096,MGCTLSAEDKAAVERSKMIDRNLREDGEKAAREVKLLLLGAGESGKSTIVKQMKIIHEAGYSEEECKQYKAVVYSNTIQSIIAIIRAMGRLKIDFGDSARADDARQLFVLAGAAEEGFMTAELAGVIKRLWKDSGVQACFNRSREYQLNDSAAYYLNDLDRIAQPNYIPTQQDVLRTRVKTTGIVETHFTFKDLHFKMFDVGGQRSERKKWIHCFEGVTAIIFCVALSDYDLVLAEDEEMNR,0,242,context_dependent
O60814,RSRKESYSVYVYKVLKQVHPDTGISSKAMGIMNSFVNDIFERIAGEASRLAHYNKRSTITSREIQTAVRLLLPGELAKHAVSEGTKAVTKYTSA,31,125,context_dependent
P42858,QQQQQQQQQQQQQQQ,17,32,context_dependent
P42858,QQPPPPPPPPPPPQLPQ,36,53,context_dependent
P10997,KCNTATCATQRLANFLVHSSNNFGAILSSTNVGSNTY,33,70,context_dependent
Q16270,TCGPCEPASCPPLPPLGCLLGETRDACGCCPMCARGEGEPCGGGGAGRGYCAPGMECVKS,30,90,context_dependent
Q16270,GPGVSGVCVCKSRYPVCGSDGTTYPSGCQLRAASQRAESRGEKAITQVSKGTCEQ,103,158,context_dependent
Q9NR82,VRMASPRGQSIKSRQASVGDRRSPSTDITAEGSPTKVQKSWSFNDRTRFRPSLRLKSSQPKPVIDADTALGTDDVYDEKGCQCDVSVEDLTPPLKTVIRAIRIMKFHVAKR,424,535,context_dependent
P21359,LAEHIEHEQQKLPAATLAL,1714,1733,context_dependent
P04637,ETFSDLWKLLPENNVLSPLPSQAMDDLMLSPDDIEQWFTE,16,56,context_dependent
P27986,ANNGMNNNMSLQD,317,330,context_dependent
Q07343,PLDEQNRDCQ,662,672,context_dependent
P04070,EDQVDPRLIDGK,204,216,context_dependent
O75475,MTRDFKPGDLIFAKMKGYPHWPARVDEVPD,0,30,context_dependent
O75475,VKPPTNKLPIFFFGTHETAFLGPKDIFPYSENKEKYGKPNKRKGFNEGLWEIDNNPKVK,32,91,context_dependent
Q03431,TNETREREVFDRL,174,187,context_dependent
O75943,TDWVDPSFDD,15,25,context_dependent
O75943,ENEPWVDKYKPETQHELAVHKKKIEEVETWLKAQVLERQPKQGGSILLITGPPGCGKTTTLKILSKEHGIQVQEWINPVLP,86,167,context_dependent
O75943,YQSQIAVFKEFLLRATKYNKLQMLGDDLRTDKKIILVEDLPNQFYRDSHTLHEVLRKYVRIGRCPLIFIISDSLSGDNNQRLLFPKEIQEECSISNISFNPVAPTIMMKFLNRIVTIEANKNGGKITVPDKTSLELLCQGCSGDIRSAINSLQFSSSK,188,346,context_dependent
O75943,AIGGKDVSLFLFRALGKILYCKRASLTELDSPRLPSHLSEYERDTLLVEPEEVVEMSHMPGDLFNLYLHQNYIDFFMEIDDIVRASEFLSFADILSGDWNTRSLLREYSTSIATRGVMHSNKARGYAHCQGGGSSFRPLHKPQWFLINKKYRENCLAAKALFPD,385,549,context_dependent
O75943,LCLQTQLLPYLALLTIPMRNQAQISFIQDIGRLPLK,554,590,context_dependent
O60671,DQYSLVASLDNVRNLSTILKAIHFREHATCFATKNGIKVTVENAKCVQANAFIQAGIFQEFKVQEESVTFRINLTVLLDCLSIFGSSPMPGTLTALRMCYQGYGYPLMLFLEEGGVVTVCKINTQEPEETLDFDFCSTNVINKIILQSEGLREAFSELDMTSEVLQITMSPDKPYFRLSTFGNAGSSHLDYPKDSDLMEAFHCNQTQVNRYKISLLKPSTKALVLSCKVSIRTDNRGFLSLQYMIRNEDGQICFVEYYCCPDEE,12,276,context_dependent
P62917,GRVIRGQRKGAGSVFRAHVKHRKGAARLRAVDFAERHGYIKGIVKDIIHDPGRGAPLAKVVFRDPYRFKKRTELFIAAEGIHTGQFVYCGKKAQLNIGNVLPVGTMPEGTIVCCLEEKPGDRGKLARASGNYATVISHNPETKKTRVKLPSGSKKVISSANRAVVGVVAGGGRIDKPILKAGRAYHKYKAKRNCWPRVRGVAMNPVEHPFGGGNHQHIGKPSTIRRDAPAGRKVGLIAARRTGRLRGTKTVQEKE,1,256,context_dependent
Q8IYW5,HYPRECKLRASG,82,94,context_dependent
P61247,VVDPFSKKDWYDVKAPAMFNIRNIGKTLVTRTQGTKIASDGLKGRVFEVSLADLQNDEVAFRKFKLITEDVQGKNCLTNFHGMDLTRDKMCSMVKKWQTMIEAHVDVKTTDGYLLRLFCVGFTKKRNNQIRKTSYAQHQQVRQIRKKMMEIMTREVQTNDLKEVVNKLIPDSIGKDIEKACQSIYPLHDVFVRKVKMLKKPKFELGKLMELHG,20,233,context_dependent
P08865,SGALDVLQMKEEDVLKFLAAGTHLGGTNLDFQMEQYIYKRKSDGIYIINLKRTWEKLLLAARAIVAIENPADVSVISSRNTGQRAVLKFAAATGATPIAGRFTPGTFTNQIQAAFREPRLLVVTDPRADHQPLTEASYVNLPTIALCNTDSPLRYVDIAIPCNNKGAHSVGLMWWMLAREVLRMRGTISREHPWEVMPDLYFYRDP,1,207,context_dependent
Q9Y230,SLTKDKVQAGDVITIDKATGKISKLGRSFTRARDYDAMGSQTKFVQCPDGELQKRKEVVHTVSLHEIDVINSRTQGFLALFSGDTGEIKSEVREQINAKVAEWREEGKAEIIPGVLFIDEVHMLDIESFSFLNRALESDMAPVLIMATNRGITRIRGTSYQSPHGIPIDLLDRLLIVSTTPYSEKDTKQILRIRCEEEDVEMSEDAYTVLTRIGLETSLRYAIQLITAASLVCRKRKGTEVQVDDIKRVYSLFLDESRSTQYMKEYQDAFLFNELK,180,456,context_dependent
Q9HBX9,QDVKCSLGYFPCGNITKCLPQLLHCNGVDDCGNQADEDNCG,22,63,context_dependent
P26447,MACPLEKALDVMVSTFHKYSGKEGDKFKLNKSELKELLTRELPSFLGKRTDEAAFQKLMSNLDSNRDNEVDFQEYCVFLSCIAMMCNEFFEGF,0,93,context_dependent
P21912,TAPRIKKFAIYRWDPDKAGDKPHMQTYEVDLNKCGPMVLDALIKIKNEVDSTLTFRRSCREGICGSCAMNINGGNTLACTRRIDTNLNKVSKIYPLPHMYVIKDLVPDLSNFYAQYKSIEPYLKKK,34,160,context_dependent
P60880,EMDENLEQVSGIIGNLRHMALDMGNEIDTQNRQIDRIMEKADSNKTRIDEANQRATKMLG,144,204,context_dependent
Q8NBT2,EKEVDEDTTVTIPSAVYVAQLYHQVSKIEWDYECEPGMVKGIHHGPSVAQPIHLDSTQLSRKFISDYLWSLVDTEW,121,197,context_dependent
Q9HBM1,STANKANAERLKRLQKSADLYKDRLGLEIRKIYGEKLQFIFTNIDPKNPESPFMFSLHLNEARDYEVSDSAPHLEGLAEFQENVRKTNNFSAFLANVRKAFTATVYN,117,224,context_dependent
Q15022,RTYSSGHNRL,554,564,context_dependent
Q8WZ42,MTTQAPTFTQPLQSVVVLEGSTATFEAHISGFPVPEVSWFRDGQVISTSTLPGVQISFSDGRAKLTIPAVTKANSGRYSLKATNGSGQATSTAELLVKAETAPPNFVQRLQSMTVRQGSQVRLQVRVTGIPTPVVKFYRDGAEIQSSLDFQISQEGDLYSLLIAEAYPEDSGTYSVNATNSVGRATSTAELLVQGE,0,196,context_dependent
P28289,PTGPFKREELLDHLEKQAKEFKDREDLVPYTGEKRGKVWVPK,57,99,context_dependent
P01848,DPAVYQLRDSKSSDKSVCLFTDFDSQTNVSQSKDSDVYITDKTVLDMRSMDFKSNSAVAWSNKSDFACANAFNNSIIPEDTFFPSPESS,4,93,context_dependent
A0A5B9,KEQPALNDSR,62,72,context_dependent
A0A5B9,SENDEWTQDR,102,112,context_dependent
P0CF51,TLLLQLTNTSAYYMYLLLLLKSVVYFAIITCCLLRRT,127,164,context_dependent
O43715,IPIEGLEFMGHGKEK,56,71,context_dependent
P0CG48,MQIFVKTLTGKTITLEVEPSDTIENVKAKIQDKEGIPPDQQRLIFAGKQLEDGRTLSDYNIQKESTLHLVLRLRG,76,151,context_dependent
P0CG48,MQIFVKTLTGKTITLEVEPSDTIENVKAKIQDKEGIPPDQQRLIFAGKQLEDGRTLSDYNIQKESTLHLVLRLRGGMQIFVKTLTGKTITLEVEPSDTIENVKAKIQDKEGIPPDQQRLIFAGKQLEDGRTLSDYNIQKESTLHLVLRLRGGMQIFVKTLTGKTITLEVEPSDTIENVKAKIQDKEGIPPDQQRLIFAGKQLEDGRTLSDYNIQKESTLHLVLRLRGGMQIFVKTLTGKTITLEVEPSDTIENVKAKIQDKEGIPPDQQRLIFAGKQLEDGRTLSDYNIQKESTLHLVLRLRGG,380,684,context_dependent
Q9C0C9,VRVQWYPEGVKQHVKETKLKLEDRSVVPRDVVRHMRSTDSQCGTVIDVNIDCAVKLIGTNCIIYPVNSKDLQHIWPFMYGDYIAYDCWLGKVYDLKNQIILKLSNGARCSMNTEDGAKLY,121,241,context_dependent
Q9C0C9,FYPGQVLIGPAKIFSSVQWLSGVKPVLSTKSKFRVVVEEVQVVELKVTWITKSF,259,313,context_dependent
Q9C0C9,DRVAVEVVTTMTSADVMWQDGSVECNIRSNDLFPVHHLDNNEFCPGDFVVDKRVQSCPDPAVYGVVQSGDHIGRTCMVKWFKLRPSGDDVELIGEEEDVSVYDIADHPDFRFRTTDIVIRIG,541,663,context_dependent
Q9C0C9,EPSVGQVARVDVSSKVEVVWADNSKTIILPQHLYNI,674,710,context_dependent
P07911,GTCEECSIDEDCKSNNGRWHCQCKQDFN,294,322,context_dependent
P11684,AEICPSFQRVIETLLMDTPSSYEAAMELFSPDQDMREAGAQLKKLVDTLPQKPRESIIKLMEKIAQSSL,20,89,context_dependent
Q13105,QKDVVHLDIS,55,65,context_dependent
Q53Z42,GSHSMRYFFTSVSRPGRGEPRFIAVGYVDDTQFVRFDSDAASQRMEPRAPWIEQEGPEYWDGETRKVKAHSQTHRVDLGTLRGYYNQSEAGSHTVQRMYGCDVGSDWRFLRGYHQYAYDGKDYIALKEDLRSWTAADMAAQTTKHKWEAAHVAEQLRAYLEGTCVEWLRRYLENGKETLQRTDAPKTHMTHHAVSDHEATLRCWALSFYPAEITLTWQRDGEDQTQDTELVETRPAGDGTFQKWAAVVVPSGQEQRYTCHVQHEGLPKPLTLRWEP,24,300,context_dependent
